Date,Social Blade,DailySubs
9/1/2018,"152,656",
9/2/2018,"152,671",+15 
9/3/2018,"152,687",+16 
9/4/2018,"152,704",+17 
9/5/2018,"152,706",+2 
9/6/2018,"152,718",+12 
9/7/2018,"152,721",+3 
9/8/2018,"152,750",+29 
9/9/2018,"152,761",+11 
9/10/2018,"152,786",+25 
9/11/2018,"152,810",+24 
9/12/2018,"152,832",+22 
9/13/2018,"152,866",+34 
9/14/2018,"152,911",+45 
9/15/2018,"152,932",+21 
9/16/2018,"152,942",+10 
9/17/2018,"152,950",+8 
9/18/2018,"152,978",+28 
9/19/2018,"152,937",-41 
9/20/2018,"152,951",+14 
9/21/2018,"152,954",+3 
9/22/2018,"152,972",+18 
9/23/2018,"152,988",+16 
9/24/2018,"152,990",+2 
9/25/2018,"152,985",-5 
9/26/2018,"153,014",+29 
9/27/2018,"153,025",+11 
9/28/2018,"153,029",+4 
9/29/2018,"153,048",+19 
9/30/2018,"153,054",+6 
10/1/2018,"153,057",+3 
10/2/2018,"153,065",+8 
10/3/2018,"153,087",+22 
10/4/2018,"153,089",+2 
10/5/2018,"153,092",+3 
10/6/2018,"153,127",+35 
10/7/2018,"153,141",+14 
10/8/2018,"153,169",+28 
10/9/2018,"153,191",+22 
10/10/2018,"153,195",+4 
10/11/2018,"153,198",+3 
10/12/2018,"153,215",+17 
10/13/2018,"153,223",+8 
10/14/2018,"153,235",+12 
10/15/2018,"153,232",-3 
10/16/2018,"153,243",+11 
10/17/2018,"153,250",+7 
10/18/2018,"153,270",+20 
10/19/2018,"153,292",+22 
10/20/2018,"153,314",+22 
10/21/2018,"153,343",+29 
10/22/2018,"153,371",+28 
10/23/2018,"153,381",+10 
10/24/2018,"153,417",+36 
10/25/2018,"154,109",+692 
10/26/2018,"154,960",+851 
10/27/2018,"155,791",+831 
10/28/2018,"157,313","+1,522 "
10/29/2018,"158,213",+900 
10/30/2018,"158,694",+481 
10/31/2018,"159,632",+938 
11/1/2018,"161,259","+1,627 "
11/2/2018,"163,655","+2,396 "
11/3/2018,"166,914","+3,259 "
11/4/2018,"168,131","+1,217 "
11/5/2018,"168,632",+501 
11/6/2018,"169,819","+1,187 "
11/7/2018,"170,896","+1,077 "
11/8/2018,"171,322",+426 
11/9/2018,"172,642","+1,320 "
11/10/2018,"174,444","+1,802 "
11/11/2018,"175,458","+1,014 "
11/12/2018,"176,708","+1,250 "
11/13/2018,"178,126","+1,418 "
11/14/2018,"180,101","+1,975 "
11/15/2018,"181,268","+1,167 "
11/16/2018,"182,922","+1,654 "
11/17/2018,"184,893","+1,971 "
11/18/2018,"185,839",+946 
11/19/2018,"186,380",+541 
11/20/2018,"186,967",+587 
11/21/2018,"187,532",+565 
11/22/2018,"188,244",+712 
11/23/2018,"189,150",+906 
11/24/2018,"193,098","+3,948 "
11/25/2018,"196,127","+3,029 "
11/26/2018,"196,980",+853 
11/27/2018,"197,687",+707 
11/28/2018,"198,075",+388 
11/29/2018,"198,588",+513 
11/30/2018,"199,343",+755 
12/1/2018,"201,396","+2,053 "
12/2/2018,"207,270","+5,874 "
12/3/2018,"209,352","+2,082 "
12/4/2018,"210,663","+1,311 "
12/5/2018,"211,573",+910 
12/6/2018,"212,348",+775 
12/7/2018,"212,892",+544 
12/8/2018,"213,528",+636 
12/9/2018,"214,039",+511 
12/10/2018,"214,649",+610 
12/11/2018,"220,146","+5,497 "
12/12/2018,"221,514","+1,368 "
12/13/2018,"223,094","+1,580 "
12/14/2018,"224,732","+1,638 "
12/15/2018,"225,331",+599 
12/16/2018,"226,161",+830 
12/17/2018,"226,808",+647 
12/18/2018,"227,468",+660 
12/19/2018,"228,094",+626 
12/20/2018,"228,843",+749 
12/21/2018,"229,493",+650 
12/22/2018,"230,353",+860 
12/23/2018,"230,776",+423 
12/24/2018,"231,340",+564 
12/25/2018,"231,795",+455 
12/26/2018,"232,255",+460 
12/27/2018,"232,797",+542 
12/28/2018,"233,303",+506 
12/29/2018,"233,903",+600 
12/30/2018,"234,578",+675 
12/31/2018,"235,510",+932 
1/1/2019,"236,134",+624 
1/2/2019,"236,687",+553 
1/3/2019,"237,226",+539 
1/4/2019,"237,689",+463 
1/5/2019,"238,436",+747 
1/6/2019,"239,328",+892 
1/7/2019,"239,876",+548 
1/8/2019,"240,338",+462 
1/9/2019,"240,788",+450 
1/10/2019,"241,176",+388 
1/11/2019,"241,396",+220 
1/12/2019,"241,705",+309 
1/13/2019,"241,904",+199 
1/14/2019,"242,272",+368 
1/15/2019,"242,921",+649 
1/16/2019,"243,339",+418 
1/17/2019,"243,685",+346 
1/18/2019,"244,280",+595 
1/19/2019,"244,970",+690 
1/20/2019,"246,427","+1,457 "
1/21/2019,"247,454","+1,027 "
1/22/2019,"249,708","+2,254 "
1/23/2019,"250,994","+1,286 "
1/24/2019,"251,722",+728 
1/25/2019,"252,216",+494 
1/26/2019,"253,122",+906 
1/27/2019,"253,853",+731 
1/28/2019,"254,405",+552 
1/29/2019,"255,122",+717 
1/30/2019,"255,688",+566 
1/31/2019,"256,077",+389 
2/1/2019,"256,469",+392 
2/2/2019,"257,164",+695 
2/3/2019,"259,825","+2,661 "
2/4/2019,"261,526","+1,701 "
2/5/2019,"262,765","+1,239 "
2/6/2019,"266,285","+3,520 "
2/7/2019,"270,331","+4,046 "
2/8/2019,"271,774","+1,443 "
2/9/2019,"273,117","+1,343 "
2/10/2019,"275,346","+2,229 "
2/11/2019,"276,667","+1,321 "
2/12/2019,"278,114","+1,447 "
2/13/2019,"280,646","+2,532 "
2/14/2019,"281,880","+1,234 "
2/15/2019,"282,887","+1,007 "
2/16/2019,"284,123","+1,236 "
2/17/2019,"286,035","+1,912 "
2/18/2019,"287,487","+1,452 "
2/19/2019,"289,648","+2,161 "
2/20/2019,"292,450","+2,802 "
2/21/2019,"294,009","+1,559 "
2/22/2019,"297,719","+3,710 "
2/23/2019,"300,491","+2,772 "
2/24/2019,"302,485","+1,994 "
2/25/2019,"303,538","+1,053 "
2/26/2019,"304,220",+682 
2/27/2019,"304,882",+662 
2/28/2019,"305,525",+643 
3/1/2019,"306,229",+704 
3/2/2019,"308,646","+2,417 "
3/3/2019,"310,635","+1,989 "
3/4/2019,"312,375","+1,740 "
3/5/2019,"313,536","+1,161 "
3/6/2019,"314,046",+510 
3/7/2019,"315,174","+1,128 "
3/8/2019,"316,081",+907 
3/9/2019,"317,721","+1,640 "
3/10/2019,"318,386",+665 
3/11/2019,"321,249","+2,863 "
3/12/2019,"322,659","+1,410 "
3/13/2019,"324,326","+1,667 "
3/14/2019,"325,555","+1,229 "
3/15/2019,"326,746","+1,191 "
3/16/2019,"327,861","+1,115 "
3/17/2019,"329,578","+1,717 "
3/18/2019,"331,447","+1,869 "
3/19/2019,"333,010","+1,563 "
3/20/2019,"335,725","+2,715 "
3/21/2019,"339,202","+3,477 "
3/22/2019,"342,700","+3,498 "
3/23/2019,"344,664","+1,964 "
3/24/2019,"346,456","+1,792 "
3/25/2019,"348,082","+1,626 "
3/26/2019,"349,496","+1,414 "
3/27/2019,"350,678","+1,182 "
3/28/2019,"351,779","+1,101 "
3/29/2019,"352,500",+721 
3/30/2019,"353,642","+1,142 "
3/31/2019,"356,393","+2,751 "
4/1/2019,"362,044","+5,651 "
4/2/2019,"365,841","+3,797 "
4/3/2019,"368,669","+2,828 "
4/4/2019,"371,211","+2,542 "
4/5/2019,"373,234","+2,023 "
4/6/2019,"376,277","+3,043 "
4/7/2019,"377,578","+1,301 "
4/8/2019,"378,562",+984 
4/9/2019,"379,181",+619 
4/10/2019,"379,779",+598 
4/11/2019,"380,372",+593 
4/12/2019,"380,911",+539 
4/13/2019,"381,579",+668 
4/14/2019,"382,172",+593 
4/15/2019,"382,602",+430 
4/16/2019,"382,879",+277 
4/17/2019,"383,371",+492 
4/18/2019,"383,683",+312 
4/19/2019,"384,034",+351 
4/20/2019,"384,306",+272 
4/21/2019,"384,616",+310 
4/22/2019,"384,817",+201 
4/23/2019,"385,133",+316 
4/24/2019,"385,342",+209 
4/25/2019,"385,508",+166 
4/26/2019,"385,728",+220 
4/27/2019,"385,925",+197 
4/28/2019,"386,033",+108 
4/29/2019,"386,156",+123 
4/30/2019,"386,269",+113 
5/1/2019,"386,394",+125 